Image Name,Image Path
٥-سبتمبر-٢٠٢٤,D:\Users\rana.hosny\Downloads\kafka_demo\kafka_demo\task\received_images\٥-سبتمبر-٢٠٢٤.jpg
٠٦-اكتوبر-٢٠٢٤ (2),D:\Users\rana.hosny\Downloads\kafka_demo\kafka_demo\task\received_images\٠٦-اكتوبر-٢٠٢٤ (2).jpg
٠٩-ديسمبر-٢٠٢٣ (3),D:\Users\rana.hosny\Downloads\kafka_demo\kafka_demo\task\received_images\٠٩-ديسمبر-٢٠٢٣ (3).jpg
٠٩-ديسمبر-٢٠٢٣ (4),D:\Users\rana.hosny\Downloads\kafka_demo\kafka_demo\task\received_images\٠٩-ديسمبر-٢٠٢٣ (4).jpg
٠٧-ابريل-٢٠٢٣,D:\Users\rana.hosny\Downloads\kafka_demo\kafka_demo\task\received_images\٠٧-ابريل-٢٠٢٣.jpg
٠٤-ابريل-٢٠٢٤ (2),D:\Users\rana.hosny\Downloads\kafka_demo\kafka_demo\task\received_images\٠٤-ابريل-٢٠٢٤ (2).jpg
٠٩-ديسمبر-٢٠٢٣,D:\Users\rana.hosny\Downloads\kafka_demo\kafka_demo\task\received_images\٠٩-ديسمبر-٢٠٢٣.jpg
٢٢-يونيو-٢٠٢٤,D:\Users\rana.hosny\Downloads\kafka_demo\kafka_demo\task\received_images\٢٢-يونيو-٢٠٢٤.jpg
٠٩-اكتوبر-٢٠٢٤,D:\Users\rana.hosny\Downloads\kafka_demo\kafka_demo\task\received_images\٠٩-اكتوبر-٢٠٢٤.jpg
٧-يونيو-٢٠٢٢,D:\Users\rana.hosny\Downloads\kafka_demo\kafka_demo\task\received_images\٧-يونيو-٢٠٢٢.jpg
٠٩-مايو-٢٠٢٣ (2),D:\Users\rana.hosny\Downloads\kafka_demo\kafka_demo\task\received_images\٠٩-مايو-٢٠٢٣ (2).jpg
٢١-ابريل-٢٠٢٣,D:\Users\rana.hosny\Downloads\kafka_demo\kafka_demo\task\received_images\٢١-ابريل-٢٠٢٣.jpg
١٩-اكتوبر-٢٠٢٣,D:\Users\rana.hosny\Downloads\kafka_demo\kafka_demo\task\received_images\١٩-اكتوبر-٢٠٢٣.jpg
٢١-يوليو-٢٠٢١,D:\Users\rana.hosny\Downloads\kafka_demo\kafka_demo\task\received_images\٢١-يوليو-٢٠٢١.jpg
٠٤-سبتمبر-٢٠٢٤,D:\Users\rana.hosny\Downloads\kafka_demo\kafka_demo\task\received_images\٠٤-سبتمبر-٢٠٢٤.jpg
٤-يوليو-٢٠٢٤,D:\Users\rana.hosny\Downloads\kafka_demo\kafka_demo\task\received_images\٤-يوليو-٢٠٢٤.jpg
١٩-سبتمبر-٢٠٢٤ (2),D:\Users\rana.hosny\Downloads\kafka_demo\kafka_demo\task\received_images\١٩-سبتمبر-٢٠٢٤ (2).jpg
٠٤-يونيو-٢٠٢٤,D:\Users\rana.hosny\Downloads\kafka_demo\kafka_demo\task\received_images\٠٤-يونيو-٢٠٢٤.jpg
٢٤-سبتمبر-٢٠٢٢,D:\Users\rana.hosny\Downloads\kafka_demo\kafka_demo\task\received_images\٢٤-سبتمبر-٢٠٢٢.jpg
٢٦-ابريل-٢٠٢٤,D:\Users\rana.hosny\Downloads\kafka_demo\kafka_demo\task\received_images\٢٦-ابريل-٢٠٢٤.jpg
١٩-اكتوبر-٢٠٢٤,D:\Users\rana.hosny\Downloads\kafka_demo\kafka_demo\task\received_images\١٩-اكتوبر-٢٠٢٤.jpg
١٣-اكتوبر-٢٠٢٣,D:\Users\rana.hosny\Downloads\kafka_demo\kafka_demo\task\received_images\١٣-اكتوبر-٢٠٢٣.jpg
٠٤-اغسطس-٢٠٢٣,D:\Users\rana.hosny\Downloads\kafka_demo\kafka_demo\task\received_images\٠٤-اغسطس-٢٠٢٣.jpg
١٤-اكتوبر -٢٠٢٢ (2),D:\Users\rana.hosny\Downloads\kafka_demo\kafka_demo\task\received_images\١٤-اكتوبر -٢٠٢٢ (2).jpg
١٢-ابريل-٢٠٢٢,D:\Users\rana.hosny\Downloads\kafka_demo\kafka_demo\task\received_images\١٢-ابريل-٢٠٢٢.jpg
١١-يونيو-٢٠٢٤,D:\Users\rana.hosny\Downloads\kafka_demo\kafka_demo\task\received_images\١١-يونيو-٢٠٢٤.jpg
١٧-نوفمبر-٢٠٢٤,D:\Users\rana.hosny\Downloads\kafka_demo\kafka_demo\task\received_images\١٧-نوفمبر-٢٠٢٤.jpg
١٥-مارس-٢٠٢٤,D:\Users\rana.hosny\Downloads\kafka_demo\kafka_demo\task\received_images\١٥-مارس-٢٠٢٤.jpg
١٧-يوليو-٢٠٢٤ (2),D:\Users\rana.hosny\Downloads\kafka_demo\kafka_demo\task\received_images\١٧-يوليو-٢٠٢٤ (2).jpg
١٠-فبراير-٢٠٢١,D:\Users\rana.hosny\Downloads\kafka_demo\kafka_demo\task\received_images\١٠-فبراير-٢٠٢١.jpg
١٠-اكتوبر-٢٠٢٤ (3),D:\Users\rana.hosny\Downloads\kafka_demo\kafka_demo\task\received_images\١٠-اكتوبر-٢٠٢٤ (3).jpg
٢٤-سبتمبر-٢٠٢٤,D:\Users\rana.hosny\Downloads\kafka_demo\kafka_demo\task\received_images\٢٤-سبتمبر-٢٠٢٤.jpg
٢٠-مايو-٢٠٢٤,D:\Users\rana.hosny\Downloads\kafka_demo\kafka_demo\task\received_images\٢٠-مايو-٢٠٢٤.jpg
٢١-ابريل-٢٠٢٢,D:\Users\rana.hosny\Downloads\kafka_demo\kafka_demo\task\received_images\٢١-ابريل-٢٠٢٢.jpg
١٢-يوليو-٢٠٢٤,D:\Users\rana.hosny\Downloads\kafka_demo\kafka_demo\task\received_images\١٢-يوليو-٢٠٢٤.jpg
٢٦-يوليو-٢٠٢٣,D:\Users\rana.hosny\Downloads\kafka_demo\kafka_demo\task\received_images\٢٦-يوليو-٢٠٢٣.jpg
١٨-نوفمبر-٢٠٢٤,D:\Users\rana.hosny\Downloads\kafka_demo\kafka_demo\task\received_images\١٨-نوفمبر-٢٠٢٤.jpg
٠٦-اكتوبر-٢٠٢٤,D:\Users\rana.hosny\Downloads\kafka_demo\kafka_demo\task\received_images\٠٦-اكتوبر-٢٠٢٤.jpg
١٧-نوفمبر-٢٠٢٣,D:\Users\rana.hosny\Downloads\kafka_demo\kafka_demo\task\received_images\١٧-نوفمبر-٢٠٢٣.jpg
٢٦-اكتوبر-٢٠٢٤,D:\Users\rana.hosny\Downloads\kafka_demo\kafka_demo\task\received_images\٢٦-اكتوبر-٢٠٢٤.jpg
٢١-اكتوبر-٢٠٢١,D:\Users\rana.hosny\Downloads\kafka_demo\kafka_demo\task\received_images\٢١-اكتوبر-٢٠٢١.JPG
١٤-سبتمبر-٢٠٢١,D:\Users\rana.hosny\Downloads\kafka_demo\kafka_demo\task\received_images\١٤-سبتمبر-٢٠٢١.jpg
٢٦-ديسمبر-٢٠٢٢,D:\Users\rana.hosny\Downloads\kafka_demo\kafka_demo\task\received_images\٢٦-ديسمبر-٢٠٢٢.jpg
٢٩-اكتوبر-٢٠٢٤,D:\Users\rana.hosny\Downloads\kafka_demo\kafka_demo\task\received_images\٢٩-اكتوبر-٢٠٢٤.jpg
٢٠-سبتمبر-٢٠٢٤ (2),D:\Users\rana.hosny\Downloads\kafka_demo\kafka_demo\task\received_images\٢٠-سبتمبر-٢٠٢٤ (2).jpg
١١-اكتوبر-٢٠٢٤ (2),D:\Users\rana.hosny\Downloads\kafka_demo\kafka_demo\task\received_images\١١-اكتوبر-٢٠٢٤ (2).jpg
١٢-يوليو-٢٠٢٢,D:\Users\rana.hosny\Downloads\kafka_demo\kafka_demo\task\received_images\١٢-يوليو-٢٠٢٢.jpg
٢-اكتوبر-٢٠٢١,D:\Users\rana.hosny\Downloads\kafka_demo\kafka_demo\task\received_images\٢-اكتوبر-٢٠٢١.jpg
١٥-مايو-٢٠٢٤,D:\Users\rana.hosny\Downloads\kafka_demo\kafka_demo\task\received_images\١٥-مايو-٢٠٢٤.jpg
٠٥-ابريل-٢٠٢٣ (٢),D:\Users\rana.hosny\Downloads\kafka_demo\kafka_demo\task\received_images\٠٥-ابريل-٢٠٢٣ (٢).jpg
٠٦-مايو-٢٠٢٤,D:\Users\rana.hosny\Downloads\kafka_demo\kafka_demo\task\received_images\٠٦-مايو-٢٠٢٤.jpg
(1)٥-ابريل-٢٠٢٤,D:\Users\rana.hosny\Downloads\kafka_demo\kafka_demo\task\received_images\(1)٥-ابريل-٢٠٢٤.jpg
٧-مارس-٢٠٢٤ (2),D:\Users\rana.hosny\Downloads\kafka_demo\kafka_demo\task\received_images\٧-مارس-٢٠٢٤ (2).jpg
٢٣-فبراير-٢٠٢١,D:\Users\rana.hosny\Downloads\kafka_demo\kafka_demo\task\received_images\٢٣-فبراير-٢٠٢١.jpg
٠٧-اغسطس-٢٠٢٢,D:\Users\rana.hosny\Downloads\kafka_demo\kafka_demo\task\received_images\٠٧-اغسطس-٢٠٢٢.jpg
٠٩-ديسمبر-٢٠٢٣(2),D:\Users\rana.hosny\Downloads\kafka_demo\kafka_demo\task\received_images\٠٩-ديسمبر-٢٠٢٣(2).jpg
٠٧-يونيو-٢٠٢٤,D:\Users\rana.hosny\Downloads\kafka_demo\kafka_demo\task\received_images\٠٧-يونيو-٢٠٢٤.jpg
٢٣-فبراير-٢٠٢٣,D:\Users\rana.hosny\Downloads\kafka_demo\kafka_demo\task\received_images\٢٣-فبراير-٢٠٢٣.jpg
٠٩-اكتوبر-٢٠٢٤ (2),D:\Users\rana.hosny\Downloads\kafka_demo\kafka_demo\task\received_images\٠٩-اكتوبر-٢٠٢٤ (2).jpg
٠٩-مايو-٢٠٢٣,D:\Users\rana.hosny\Downloads\kafka_demo\kafka_demo\task\received_images\٠٩-مايو-٢٠٢٣.jpg
٠٩-مايو-٢٠٢٤,D:\Users\rana.hosny\Downloads\kafka_demo\kafka_demo\task\received_images\٠٩-مايو-٢٠٢٤.jpg
١٣-فبراير-٢٠٢٤,D:\Users\rana.hosny\Downloads\kafka_demo\kafka_demo\task\received_images\١٣-فبراير-٢٠٢٤.jpg
١١-يوليو-٢٠٢٤,D:\Users\rana.hosny\Downloads\kafka_demo\kafka_demo\task\received_images\١١-يوليو-٢٠٢٤.jpg
٢٥-ابريل-٢٠٢٤,D:\Users\rana.hosny\Downloads\kafka_demo\kafka_demo\task\received_images\٢٥-ابريل-٢٠٢٤.jpg
١٣-فبراير-٢٠٢١,D:\Users\rana.hosny\Downloads\kafka_demo\kafka_demo\task\received_images\١٣-فبراير-٢٠٢١.jpg
١٤-اكتوبر -٢٠٢٢,D:\Users\rana.hosny\Downloads\kafka_demo\kafka_demo\task\received_images\١٤-اكتوبر -٢٠٢٢.jpg
٢٥-اكتوبر-٢٠٢٤,D:\Users\rana.hosny\Downloads\kafka_demo\kafka_demo\task\received_images\٢٥-اكتوبر-٢٠٢٤.jpg
١٤-اكتوبر-٢٠٢٢ (2),D:\Users\rana.hosny\Downloads\kafka_demo\kafka_demo\task\received_images\١٤-اكتوبر-٢٠٢٢ (2).jpg
٥-ابريل-٢٠٢٤ (3),D:\Users\rana.hosny\Downloads\kafka_demo\kafka_demo\task\received_images\٥-ابريل-٢٠٢٤ (3).jpg
١٩ مايو ٢٠٢٣,D:\Users\rana.hosny\Downloads\kafka_demo\kafka_demo\task\received_images\١٩ مايو ٢٠٢٣.jpg
٣-سبتمبر-٢٠٢١,D:\Users\rana.hosny\Downloads\kafka_demo\kafka_demo\task\received_images\٣-سبتمبر-٢٠٢١.jpg
٢١-نوفمبر-٢٠٢٤,D:\Users\rana.hosny\Downloads\kafka_demo\kafka_demo\task\received_images\٢١-نوفمبر-٢٠٢٤.jpg
١٩-أغسطس-٢٠٢٣,D:\Users\rana.hosny\Downloads\kafka_demo\kafka_demo\task\received_images\١٩-أغسطس-٢٠٢٣.jpg
٠٤-نوفمبر-٢٠٢٣,D:\Users\rana.hosny\Downloads\kafka_demo\kafka_demo\task\received_images\٠٤-نوفمبر-٢٠٢٣.jpg
١٩-فبراير-٢٠٢٢,D:\Users\rana.hosny\Downloads\kafka_demo\kafka_demo\task\received_images\١٩-فبراير-٢٠٢٢.jpg
١٥-اكتوبر-٢٠٢١,D:\Users\rana.hosny\Downloads\kafka_demo\kafka_demo\task\received_images\١٥-اكتوبر-٢٠٢١.jpg
١٥-اكتوبر-٢٠٢٤,D:\Users\rana.hosny\Downloads\kafka_demo\kafka_demo\task\received_images\١٥-اكتوبر-٢٠٢٤.jpg
١-اكتوبر-٢٠٢٤,D:\Users\rana.hosny\Downloads\kafka_demo\kafka_demo\task\received_images\١-اكتوبر-٢٠٢٤.jpg
١٦-فبراير-٢٠٢٤,D:\Users\rana.hosny\Downloads\kafka_demo\kafka_demo\task\received_images\١٦-فبراير-٢٠٢٤.jpg
٢٨-سبتمبر-٢٠٢٢,D:\Users\rana.hosny\Downloads\kafka_demo\kafka_demo\task\received_images\٢٨-سبتمبر-٢٠٢٢.jpg
١٠-اكتوبر-٢٠٢٤,D:\Users\rana.hosny\Downloads\kafka_demo\kafka_demo\task\received_images\١٠-اكتوبر-٢٠٢٤.jpg
١٠-مايو-٢٠٢٤,D:\Users\rana.hosny\Downloads\kafka_demo\kafka_demo\task\received_images\١٠-مايو-٢٠٢٤.jpg
٠٥-اكتوبر-٢٠٢٤,D:\Users\rana.hosny\Downloads\kafka_demo\kafka_demo\task\received_images\٠٥-اكتوبر-٢٠٢٤.jpg
١٧-سبتمبر-٢٠٢٤,D:\Users\rana.hosny\Downloads\kafka_demo\kafka_demo\task\received_images\١٧-سبتمبر-٢٠٢٤.jpg
٠٦-أكتوبر-٢٠٢٢,D:\Users\rana.hosny\Downloads\kafka_demo\kafka_demo\task\received_images\٠٦-أكتوبر-٢٠٢٢.jpg
١٢-اغسطس-٢٠٢٣,D:\Users\rana.hosny\Downloads\kafka_demo\kafka_demo\task\received_images\١٢-اغسطس-٢٠٢٣.jpg
١٨-سبتمبر-٢٠٢٢ (2),D:\Users\rana.hosny\Downloads\kafka_demo\kafka_demo\task\received_images\١٨-سبتمبر-٢٠٢٢ (2).jpg
٢٢-سبتمبر-٢٠٢٣,D:\Users\rana.hosny\Downloads\kafka_demo\kafka_demo\task\received_images\٢٢-سبتمبر-٢٠٢٣.jpg
٢٦-فبراير-٢٠٢٤,D:\Users\rana.hosny\Downloads\kafka_demo\kafka_demo\task\received_images\٢٦-فبراير-٢٠٢٤.jpg
٢١-مارس -٢٠٢٣,D:\Users\rana.hosny\Downloads\kafka_demo\kafka_demo\task\received_images\٢١-مارس -٢٠٢٣.jpg
١١-مايو-٢٠٢٣,D:\Users\rana.hosny\Downloads\kafka_demo\kafka_demo\task\received_images\١١-مايو-٢٠٢٣.jpg
٠٤-ابريل-٢٠٢٤,D:\Users\rana.hosny\Downloads\kafka_demo\kafka_demo\task\received_images\٠٤-ابريل-٢٠٢٤.jpg
٠٦-فبراير-٢٠٢٤,D:\Users\rana.hosny\Downloads\kafka_demo\kafka_demo\task\received_images\٠٦-فبراير-٢٠٢٤.jpg
١٨-سبتمبر-٢٠٢٢,D:\Users\rana.hosny\Downloads\kafka_demo\kafka_demo\task\received_images\١٨-سبتمبر-٢٠٢٢.jpg
٠٢-سبتمبر-٢٠٢٠,D:\Users\rana.hosny\Downloads\kafka_demo\kafka_demo\task\received_images\٠٢-سبتمبر-٢٠٢٠.jpg
٠٥-ابريل-٢٠٢٣,D:\Users\rana.hosny\Downloads\kafka_demo\kafka_demo\task\received_images\٠٥-ابريل-٢٠٢٣.jpg
٠٥-ابريل-٢٠٢٤ (3),D:\Users\rana.hosny\Downloads\kafka_demo\kafka_demo\task\received_images\٠٥-ابريل-٢٠٢٤ (3).jpg
٦-اكتوبر-٢٠٢٢,D:\Users\rana.hosny\Downloads\kafka_demo\kafka_demo\task\received_images\٦-اكتوبر-٢٠٢٢.jpg
٠٦-يونيو-٢٠٢٤,D:\Users\rana.hosny\Downloads\kafka_demo\kafka_demo\task\received_images\٠٦-يونيو-٢٠٢٤.jpg
٧-مارس-٢٠٢٤,D:\Users\rana.hosny\Downloads\kafka_demo\kafka_demo\task\received_images\٧-مارس-٢٠٢٤.jpg
١٩-يناير-٢٠٢٣,D:\Users\rana.hosny\Downloads\kafka_demo\kafka_demo\task\received_images\١٩-يناير-٢٠٢٣.jpg
٠٥-ابريل-٢٠٢٤,D:\Users\rana.hosny\Downloads\kafka_demo\kafka_demo\task\received_images\٠٥-ابريل-٢٠٢٤.jpg
٢٣-مارس- ٢٠٢٤,D:\Users\rana.hosny\Downloads\kafka_demo\kafka_demo\task\received_images\٢٣-مارس- ٢٠٢٤.jpg
٩-ديسمبر-٢٠٢٣,D:\Users\rana.hosny\Downloads\kafka_demo\kafka_demo\task\received_images\٩-ديسمبر-٢٠٢٣.jpg
٠١-أغسطس-٢٠٢٤,D:\Users\rana.hosny\Downloads\kafka_demo\kafka_demo\task\received_images\٠١-أغسطس-٢٠٢٤.jpg
٠٨-اكتوبر-٢٠٢٤,D:\Users\rana.hosny\Downloads\kafka_demo\kafka_demo\task\received_images\٠٨-اكتوبر-٢٠٢٤.jpg
٠٩-ديسمبر-٢٠٢٣ (2),D:\Users\rana.hosny\Downloads\kafka_demo\kafka_demo\task\received_images\٠٩-ديسمبر-٢٠٢٣ (2).jpg
٠٦-يونيو-٢٠٢٤ (2),D:\Users\rana.hosny\Downloads\kafka_demo\kafka_demo\task\received_images\٠٦-يونيو-٢٠٢٤ (2).jpg
٢٣-نوفمبر-٢٠٢٣,D:\Users\rana.hosny\Downloads\kafka_demo\kafka_demo\task\received_images\٢٣-نوفمبر-٢٠٢٣.jpg
٢٣-اغسطس-٢٠٢٣ (2),D:\Users\rana.hosny\Downloads\kafka_demo\kafka_demo\task\received_images\٢٣-اغسطس-٢٠٢٣ (2).jpg
٠٨-مارس-٢٠٢٤,D:\Users\rana.hosny\Downloads\kafka_demo\kafka_demo\task\received_images\٠٨-مارس-٢٠٢٤.JPG
١٧-يوليو-٢٠٢٤,D:\Users\rana.hosny\Downloads\kafka_demo\kafka_demo\task\received_images\١٧-يوليو-٢٠٢٤.jpg
١٧-مارس-٢٠٢٤,D:\Users\rana.hosny\Downloads\kafka_demo\kafka_demo\task\received_images\١٧-مارس-٢٠٢٤.jpg
١٢-اكتوبر-٢٠٢٣,D:\Users\rana.hosny\Downloads\kafka_demo\kafka_demo\task\received_images\١٢-اكتوبر-٢٠٢٣.jpg
١٨-يونيو-٢٠٢٢,D:\Users\rana.hosny\Downloads\kafka_demo\kafka_demo\task\received_images\١٨-يونيو-٢٠٢٢.jpg
٣-اكتوبر-٢٠٢٤,D:\Users\rana.hosny\Downloads\kafka_demo\kafka_demo\task\received_images\٣-اكتوبر-٢٠٢٤.jpg
٢٠-اغسطس-٢٠٢٣,D:\Users\rana.hosny\Downloads\kafka_demo\kafka_demo\task\received_images\٢٠-اغسطس-٢٠٢٣.jpg
١-يوليو-٢٠٢٤,D:\Users\rana.hosny\Downloads\kafka_demo\kafka_demo\task\received_images\١-يوليو-٢٠٢٤.jpg
٢٤-فبراير-٢٠٢٣,D:\Users\rana.hosny\Downloads\kafka_demo\kafka_demo\task\received_images\٢٤-فبراير-٢٠٢٣.jpg
١٠-اكتوبر-٢٠٢٤ (2),D:\Users\rana.hosny\Downloads\kafka_demo\kafka_demo\task\received_images\١٠-اكتوبر-٢٠٢٤ (2).jpg
٠١-مارس-٢٠٢٤,D:\Users\rana.hosny\Downloads\kafka_demo\kafka_demo\task\received_images\٠١-مارس-٢٠٢٤.jpg
١٨-مايو-٢٠٢٣,D:\Users\rana.hosny\Downloads\kafka_demo\kafka_demo\task\received_images\١٨-مايو-٢٠٢٣.jpg
٠١-اغسطس-٢٠٢٤,D:\Users\rana.hosny\Downloads\kafka_demo\kafka_demo\task\received_images\٠١-اغسطس-٢٠٢٤.jpg
٢٦-ديسمبر-٢٠٢٢ (2),D:\Users\rana.hosny\Downloads\kafka_demo\kafka_demo\task\received_images\٢٦-ديسمبر-٢٠٢٢ (2).JPG
٠٥-أبريل-٢٠٢٤,D:\Users\rana.hosny\Downloads\kafka_demo\kafka_demo\task\received_images\٠٥-أبريل-٢٠٢٤.jpg
٠٤-فبراير-٢٠٢٤,D:\Users\rana.hosny\Downloads\kafka_demo\kafka_demo\task\received_images\٠٤-فبراير-٢٠٢٤.jpg
١٨-ديسمبر-٢٠٢٣,D:\Users\rana.hosny\Downloads\kafka_demo\kafka_demo\task\received_images\١٨-ديسمبر-٢٠٢٣.jpg
١٥-يناير-٢٠٢٣,D:\Users\rana.hosny\Downloads\kafka_demo\kafka_demo\task\received_images\١٥-يناير-٢٠٢٣.jpg
٢٥ مارس ٢٠٢٢,D:\Users\rana.hosny\Downloads\kafka_demo\kafka_demo\task\received_images\٢٥ مارس ٢٠٢٢.jpg
١٧-اكتوبر-٢٠٢٤,D:\Users\rana.hosny\Downloads\kafka_demo\kafka_demo\task\received_images\١٧-اكتوبر-٢٠٢٤.jpg
٠١-ديسمبر-٢٠٢١ (2),D:\Users\rana.hosny\Downloads\kafka_demo\kafka_demo\task\received_images\٠١-ديسمبر-٢٠٢١ (2).JPG
١٠ مارس ٢٠٢٤,D:\Users\rana.hosny\Downloads\kafka_demo\kafka_demo\task\received_images\١٠ مارس ٢٠٢٤.jpg
٢٠-سبتمبر-٢٠٢٤,D:\Users\rana.hosny\Downloads\kafka_demo\kafka_demo\task\received_images\٢٠-سبتمبر-٢٠٢٤.jpg
١٢-يوليو-٢٠٢٤ (2),D:\Users\rana.hosny\Downloads\kafka_demo\kafka_demo\task\received_images\١٢-يوليو-٢٠٢٤ (2).jpg
٢٢-اكتوبر-٢٠٢١,D:\Users\rana.hosny\Downloads\kafka_demo\kafka_demo\task\received_images\٢٢-اكتوبر-٢٠٢١.jpg
١٨-اكتوبر-٢٠٢٤,D:\Users\rana.hosny\Downloads\kafka_demo\kafka_demo\task\received_images\١٨-اكتوبر-٢٠٢٤.jpg
٢٧-يونيو-٢٠٢٣,D:\Users\rana.hosny\Downloads\kafka_demo\kafka_demo\task\received_images\٢٧-يونيو-٢٠٢٣.jpg
٠٥-ابريل-٢٠٢٤ (4),D:\Users\rana.hosny\Downloads\kafka_demo\kafka_demo\task\received_images\٠٥-ابريل-٢٠٢٤ (4).jpg
١٥-سبتمبر-٢٠٢١,D:\Users\rana.hosny\Downloads\kafka_demo\kafka_demo\task\received_images\١٥-سبتمبر-٢٠٢١.jpg
٠١-ابريل-٢٠٢٤ (2),D:\Users\rana.hosny\Downloads\kafka_demo\kafka_demo\task\received_images\٠١-ابريل-٢٠٢٤ (2).jpg
٥-ابريل-٢٠٢٤,D:\Users\rana.hosny\Downloads\kafka_demo\kafka_demo\task\received_images\٥-ابريل-٢٠٢٤.jpg
٥-ديسمبر-٢٠٢٣,D:\Users\rana.hosny\Downloads\kafka_demo\kafka_demo\task\received_images\٥-ديسمبر-٢٠٢٣.jpg
٠٩-اغسطس-٢٠٢٤,D:\Users\rana.hosny\Downloads\kafka_demo\kafka_demo\task\received_images\٠٩-اغسطس-٢٠٢٤.jpg
٠٨-فبراير-٢٠٢٤,D:\Users\rana.hosny\Downloads\kafka_demo\kafka_demo\task\received_images\٠٨-فبراير-٢٠٢٤.jpg
٢٣-اغسطس-٢٠٢٤,D:\Users\rana.hosny\Downloads\kafka_demo\kafka_demo\task\received_images\٢٣-اغسطس-٢٠٢٤.jpg
٢٤-اكتوبر-٢٠٢٢,D:\Users\rana.hosny\Downloads\kafka_demo\kafka_demo\task\received_images\٢٤-اكتوبر-٢٠٢٢.jpg
١٤-اكتوبر-٢٠٢٢,D:\Users\rana.hosny\Downloads\kafka_demo\kafka_demo\task\received_images\١٤-اكتوبر-٢٠٢٢.jpg
٢١-مارس-٢٠٢٤,D:\Users\rana.hosny\Downloads\kafka_demo\kafka_demo\task\received_images\٢١-مارس-٢٠٢٤.JPG
٢٣-اغسطس-٢٠٢٣,D:\Users\rana.hosny\Downloads\kafka_demo\kafka_demo\task\received_images\٢٣-اغسطس-٢٠٢٣.jpg
٠٤-مايو-٢٠٢٢,D:\Users\rana.hosny\Downloads\kafka_demo\kafka_demo\task\received_images\٠٤-مايو-٢٠٢٢.jpg
٣١-اكتوبر-٢٠٢٤,D:\Users\rana.hosny\Downloads\kafka_demo\kafka_demo\task\received_images\٣١-اكتوبر-٢٠٢٤.jpg
٣٠-يناير-٢٠٢٣,D:\Users\rana.hosny\Downloads\kafka_demo\kafka_demo\task\received_images\٣٠-يناير-٢٠٢٣.jpg
٢٤-اكتوبر-٢٠٢٤,D:\Users\rana.hosny\Downloads\kafka_demo\kafka_demo\task\received_images\٢٤-اكتوبر-٢٠٢٤.jpg
٢٢-فبراير-٢٠٢٣,D:\Users\rana.hosny\Downloads\kafka_demo\kafka_demo\task\received_images\٢٢-فبراير-٢٠٢٣.jpg
٢٤-يونيو-٢٠٢٢,D:\Users\rana.hosny\Downloads\kafka_demo\kafka_demo\task\received_images\٢٤-يونيو-٢٠٢٢.jpg
٣١-مارس-٢٠٢٤,D:\Users\rana.hosny\Downloads\kafka_demo\kafka_demo\task\received_images\٣١-مارس-٢٠٢٤.jpg
٢٥-نوفمبر-٢٠٢١,D:\Users\rana.hosny\Downloads\kafka_demo\kafka_demo\task\received_images\٢٥-نوفمبر-٢٠٢١.jpg
٢٩-سبتمبر-٢٠٢٣,D:\Users\rana.hosny\Downloads\kafka_demo\kafka_demo\task\received_images\٢٩-سبتمبر-٢٠٢٣.jpg
٢٩-مارس-٢٠٢٣,D:\Users\rana.hosny\Downloads\kafka_demo\kafka_demo\task\received_images\٢٩-مارس-٢٠٢٣.jpg
١٤-يوليو-٢٠٢١,D:\Users\rana.hosny\Downloads\kafka_demo\kafka_demo\task\received_images\١٤-يوليو-٢٠٢١.jpg
٠٤-نوفمر-٢٠٢٤,D:\Users\rana.hosny\Downloads\kafka_demo\kafka_demo\task\received_images\٠٤-نوفمر-٢٠٢٤.jpg
٠٤-مارس-٢٠٢٤,D:\Users\rana.hosny\Downloads\kafka_demo\kafka_demo\task\received_images\٠٤-مارس-٢٠٢٤.jpg
٢٧-مارس-٢٠٢٤,D:\Users\rana.hosny\Downloads\kafka_demo\kafka_demo\task\received_images\٢٧-مارس-٢٠٢٤.jpg
٠١-ابريل-٢٠٢٣,D:\Users\rana.hosny\Downloads\kafka_demo\kafka_demo\task\received_images\٠١-ابريل-٢٠٢٣.jpg
٣١-اكتوبر-٢٠٢٢,D:\Users\rana.hosny\Downloads\kafka_demo\kafka_demo\task\received_images\٣١-اكتوبر-٢٠٢٢.jpg
١٧-أكتوبر-٢٠٢٤,D:\Users\rana.hosny\Downloads\kafka_demo\kafka_demo\task\received_images\١٧-أكتوبر-٢٠٢٤.jpg
٠١-اغسطس-٢٠٢٤ (2),D:\Users\rana.hosny\Downloads\kafka_demo\kafka_demo\task\received_images\٠١-اغسطس-٢٠٢٤ (2).jpg
١١-اكتوبر-٢٠٢٤,D:\Users\rana.hosny\Downloads\kafka_demo\kafka_demo\task\received_images\١١-اكتوبر-٢٠٢٤.jpg
٠١-ابريل-٢٠٢٤,D:\Users\rana.hosny\Downloads\kafka_demo\kafka_demo\task\received_images\٠١-ابريل-٢٠٢٤.jpg
٠٤-نوفمبر-٢٠٢٣ (2),D:\Users\rana.hosny\Downloads\kafka_demo\kafka_demo\task\received_images\٠٤-نوفمبر-٢٠٢٣ (2).JPG
٢٦-مارس-٢٠٢٤,D:\Users\rana.hosny\Downloads\kafka_demo\kafka_demo\task\received_images\٢٦-مارس-٢٠٢٤.jpg
٠٢-يونيو-٢٠٢٣,D:\Users\rana.hosny\Downloads\kafka_demo\kafka_demo\task\received_images\٠٢-يونيو-٢٠٢٣.jpg
١٩-سبتمبر-٢٠٢٤,D:\Users\rana.hosny\Downloads\kafka_demo\kafka_demo\task\received_images\١٩-سبتمبر-٢٠٢٤.jpg
٢٣-أغسطس-٢٠٢٤,D:\Users\rana.hosny\Downloads\kafka_demo\kafka_demo\task\received_images\٢٣-أغسطس-٢٠٢٤.jpg
١١-يناير-٢٠٢١,D:\Users\rana.hosny\Downloads\kafka_demo\kafka_demo\task\received_images\١١-يناير-٢٠٢١.jpg
١٨-نوفمبر-٢٠٢٣,D:\Users\rana.hosny\Downloads\kafka_demo\kafka_demo\task\received_images\١٨-نوفمبر-٢٠٢٣.JPG
٠٦-سبتمبر-٢٠٢٢,D:\Users\rana.hosny\Downloads\kafka_demo\kafka_demo\task\received_images\٠٦-سبتمبر-٢٠٢٢.jpg
١٣-سبتمبر-٢٠٢٣,D:\Users\rana.hosny\Downloads\kafka_demo\kafka_demo\task\received_images\١٣-سبتمبر-٢٠٢٣.jpg
١٢-مارس-٢٠٢٤,D:\Users\rana.hosny\Downloads\kafka_demo\kafka_demo\task\received_images\١٢-مارس-٢٠٢٤.jpg
٢٤-يونيو-٢٠٢٣,D:\Users\rana.hosny\Downloads\kafka_demo\kafka_demo\task\received_images\٢٤-يونيو-٢٠٢٣.jpg
٥-اكتوبر-٢٠٢٤,D:\Users\rana.hosny\Downloads\kafka_demo\kafka_demo\task\received_images\٥-اكتوبر-٢٠٢٤.jpg
١-نوفمبر-٢٠٢٣,D:\Users\rana.hosny\Downloads\kafka_demo\kafka_demo\task\received_images\١-نوفمبر-٢٠٢٣.jpg
٠٦-سبتمبر-٢٠٢٤,D:\Users\rana.hosny\Downloads\kafka_demo\kafka_demo\task\received_images\٠٦-سبتمبر-٢٠٢٤.jpg
٢٩-سبتمبر-٢٠٢٢,D:\Users\rana.hosny\Downloads\kafka_demo\kafka_demo\task\received_images\٢٩-سبتمبر-٢٠٢٢.jpg
٠٣-سبتمبر-٢٠٢٣,D:\Users\rana.hosny\Downloads\kafka_demo\kafka_demo\task\received_images\٠٣-سبتمبر-٢٠٢٣.jpg
٠١-ديسمبر-٢٠٢١,D:\Users\rana.hosny\Downloads\kafka_demo\kafka_demo\task\received_images\٠١-ديسمبر-٢٠٢١.jpg
٢٨-يونيو-٢٠٢٢,D:\Users\rana.hosny\Downloads\kafka_demo\kafka_demo\task\received_images\٢٨-يونيو-٢٠٢٢.jpg
٢٨-مارس-٢٠٢٤,D:\Users\rana.hosny\Downloads\kafka_demo\kafka_demo\task\received_images\٢٨-مارس-٢٠٢٤.jpg
١٨-يوليو-٢٠٢٤,D:\Users\rana.hosny\Downloads\kafka_demo\kafka_demo\task\received_images\١٨-يوليو-٢٠٢٤.jpg
١٠-يونيو-٢٠٢٤,D:\Users\rana.hosny\Downloads\kafka_demo\kafka_demo\task\received_images\١٠-يونيو-٢٠٢٤.jpg
٥-ابريل-٢٠٢٤ (2),D:\Users\rana.hosny\Downloads\kafka_demo\kafka_demo\task\received_images\٥-ابريل-٢٠٢٤ (2).jpg
٠١-اكتوبر-٢٠٢٤,D:\Users\rana.hosny\Downloads\kafka_demo\kafka_demo\task\received_images\٠١-اكتوبر-٢٠٢٤.jpg
